image_id,scar
img01019.jpg,0
img02719.jpg,0
img02721.jpg,0
img02722.jpg,0
img02724.jpg,0
img02731.jpg,0
img02733.jpg,0
img02738.jpg,0
img02739.jpg,0
img02740.jpg,0
img02741.jpg,0
img02744.jpg,0
img02745.jpg,0
img02752.jpg,0
img02753.jpg,0
img02755.jpg,0
img02756.jpg,0
img02757.jpg,0
img02758.jpg,0
img02759.jpg,0
img02770.jpg,0
img02771.jpg,0
img02772.jpg,0
img02774.jpg,0
img02777.jpg,0
img02782.jpg,0
img02783.jpg,0
img02784.jpg,0
img02787.jpg,0
img02793.jpg,0
img02794.jpg,0
img02795.jpg,0
img02796.jpg,0
img02797.jpg,0
img02798.jpg,0
img02799.jpg,0
img02800.jpg,0
img02805.jpg,0
img02806.jpg,0
img02807.jpg,0
img02808.jpg,0
img02822.jpg,0
img02823.jpg,1
img02830.jpg,0
img02831.jpg,0
img02832.jpg,0
img02833.jpg,0
img02836.jpg,0
img02837.jpg,0
img02839.jpg,0
img02850.jpg,0
img02853.jpg,0
img02854.jpg,0
img02857.jpg,0
img02862.jpg,0
img02864.jpg,0
img02871.jpg,0
img02876.jpg,0
img02877.jpg,0
img02878.jpg,0
img02879.jpg,0
img02880.jpg,0
img02881.jpg,0
img02882.jpg,0
img02883.jpg,0
img02884.jpg,0
img02885.jpg,0
img02889.jpg,0
img02890.jpg,0
img02897.jpg,0
img02898.jpg,0
img03175.jpg,0
img03177.jpg,0
img03178.jpg,0
img03182.jpg,0
img03183.jpg,0
img03184.jpg,0
img03185.jpg,0
img03186.jpg,0
img03187.jpg,0
img03188.jpg,0
img03201.jpg,0
img03202.jpg,0
img03212.jpg,0
img03213.jpg,0
img03225.jpg,0
img03226.jpg,1
img03229.jpg,0
img03230.jpg,0
img03231.jpg,0
img03232.jpg,0
img03235.jpg,0
img03236.jpg,0
img03239.jpg,0
img03240.jpg,0
img03241.jpg,0
img03242.jpg,0
img03251.jpg,0
img03252.jpg,0
img03253.jpg,0
img03254.jpg,0
img03257.jpg,0
img03258.jpg,0
img03261.jpg,0
img03262.jpg,0
img03265.jpg,0
img03266.jpg,0
img03277.jpg,0
img03280.jpg,0
img03281.jpg,0
img03284.jpg,0
img03285.jpg,0
img03292.jpg,0
img03293.jpg,0
img03300.jpg,0
img03301.jpg,0
img03306.jpg,0
img03307.jpg,0
img03308.jpg,0
img03309.jpg,0
img03310.jpg,0
img03311.jpg,0
img03312.jpg,0
img03313.jpg,0
img03319.jpg,0
img03320.jpg,0
img03321.jpg,0
img03322.jpg,0
img03323.jpg,0
img03324.jpg,0
img03325.jpg,0
img03328.jpg,0
img03329.jpg,0
img03332.jpg,0
img03333.jpg,0
img03334.jpg,0
img03335.jpg,0
img03336.jpg,0
img03337.jpg,0
img03343.jpg,0
img03344.jpg,0
img03345.jpg,0
img03346.jpg,0
img03347.jpg,0
img03352.jpg,0
img03353.jpg,0
img03354.jpg,0
img03355.jpg,0
img03356.jpg,0
img03357.jpg,0
img03358.jpg,0
img03359.jpg,0
img03362.jpg,0
img03363.jpg,0
img03364.jpg,0
img03365.jpg,0
img03366.jpg,0
img03367.jpg,0
img03372.jpg,0
img03373.jpg,0
img03374.jpg,0
img03375.jpg,0
img03376.jpg,0
img03379.jpg,0
img03380.jpg,0
img03381.jpg,0
img03386.jpg,0
img03387.jpg,0
img03388.jpg,0
img03389.jpg,0
img03396.jpg,0
img03397.jpg,0
img03398.jpg,0
img03399.jpg,0
img03400.jpg,0
img03401.jpg,0
img03402.jpg,0
img03403.jpg,0
img03410.jpg,0
img03411.jpg,0
img03420.jpg,0
img03421.jpg,0
img03426.jpg,0
img03427.jpg,0
img03428.jpg,0
img03429.jpg,0
img03430.jpg,0
img03431.jpg,0
img03434.jpg,0
img03435.jpg,0
img03436.jpg,0
img03439.jpg,0
img03440.jpg,0
img03445.jpg,0
img03446.jpg,0
img03451.jpg,0
img03452.jpg,0
img03453.jpg,0
img03460.jpg,0
img03461.jpg,0
img03462.jpg,0
img03463.jpg,0
img03464.jpg,0
img03467.jpg,0
img03468.jpg,0
img03469.jpg,0
img03470.jpg,0
img03471.jpg,0
img03476.jpg,0
img03481.jpg,0
img03482.jpg,0
img03483.jpg,0
img03484.jpg,0
img03485.jpg,0
img03486.jpg,1
img03489.jpg,0
img03490.jpg,0
img03497.jpg,0
img03498.jpg,0
img03504.jpg,0
img03505.jpg,0
img03506.jpg,0
img03507.jpg,0
img03510.jpg,0
img03511.jpg,0
img03512.jpg,0
img03513.jpg,0
img03514.jpg,0
img03520.jpg,0
img03521.jpg,0
img03526.jpg,0
img03527.jpg,0
img03530.jpg,0
img03531.jpg,0
img03536.jpg,0
img03537.jpg,0
img03540.jpg,0
img03541.jpg,0
img03542.jpg,0
img03543.jpg,0
img03544.jpg,0
img03545.jpg,0
img03546.jpg,0
img03547.jpg,0
img03550.jpg,0
img03551.jpg,0
img03556.jpg,0
img03557.jpg,0
img03558.jpg,0
img03559.jpg,0
img03566.jpg,0
img03567.jpg,0
img03572.jpg,0
img03573.jpg,0
img03576.jpg,0
img03577.jpg,0
img03578.jpg,0
img03579.jpg,0
img03580.jpg,0
img03581.jpg,0
img03582.jpg,0
img03589.jpg,0
img03590.jpg,0
img03591.jpg,0
img03592.jpg,0
img03595.jpg,0
img03596.jpg,0
img03597.jpg,0
img03598.jpg,0
img03599.jpg,0
img03600.jpg,0
img03605.jpg,0
img03606.jpg,0
img03611.jpg,0
img03612.jpg,0
img03616.jpg,0
img03617.jpg,0
img03626.jpg,0
img03627.jpg,0
img03628.jpg,0
img03629.jpg,0
img03637.jpg,0
img03638.jpg,0
img03639.jpg,0
img03640.jpg,0
img03641.jpg,0
img03642.jpg,0
img03651.jpg,0
img03652.jpg,0
img03653.jpg,0
img03654.jpg,0
img03657.jpg,0
img03658.jpg,0
img03663.jpg,0
img03664.jpg,0
img03675.jpg,0
img03676.jpg,0
img03679.jpg,0
img03680.jpg,0
img03683.jpg,0
img03684.jpg,0
img03687.jpg,0
img03688.jpg,0
img03689.jpg,0
img03690.jpg,0
img03693.jpg,0
img03694.jpg,0
img03695.jpg,0
img03696.jpg,0
img03699.jpg,0
img03700.jpg,0
img03706.jpg,0
img03707.jpg,0
img03708.jpg,0
img03709.jpg,0
img03712.jpg,0
img03713.jpg,0
img03718.jpg,0
img03719.jpg,0
img03725.jpg,0
img03726.jpg,0
img03730.jpg,0
img03731.jpg,0
img03732.jpg,0
img03733.jpg,0
img03738.jpg,0
img03741.jpg,0
img03742.jpg,0
img03745.jpg,0
img03746.jpg,0
img03751.jpg,0
img03752.jpg,0
img03755.jpg,0
img03756.jpg,0
img03760.jpg,0
img03761.jpg,0
img03762.jpg,0
img03763.jpg,0
img03770.jpg,0
img03771.jpg,0
img03778.jpg,0
img03779.jpg,0
img03780.jpg,0
img03781.jpg,0
img03782.jpg,0
img03783.jpg,0
img03792.jpg,0
img03793.jpg,0
img03798.jpg,0
img03799.jpg,0
img03810.jpg,0
img03811.jpg,0
img03812.jpg,0
img03813.jpg,0
img03818.jpg,0
img03819.jpg,0
img03822.jpg,0
img03823.jpg,0
img03824.jpg,0
img03825.jpg,0
img03836.jpg,0
img03837.jpg,0
img03842.jpg,0
img03843.jpg,0
img03844.jpg,0
img03845.jpg,0
img03846.jpg,0
img03847.jpg,0
img03848.jpg,0
img03849.jpg,0
img03852.jpg,0
img03853.jpg,0
img03864.jpg,0
img03865.jpg,0
img03882.jpg,0
img03883.jpg,0
img03884.jpg,0
img03885.jpg,0
img03890.jpg,0
img03891.jpg,0
img03896.jpg,0
img03897.jpg,0
img03902.jpg,0
img03903.jpg,0
img03904.jpg,0
img03905.jpg,0
img03906.jpg,0
img03907.jpg,1
img03908.jpg,0
img03909.jpg,0
img03913.jpg,0
img03914.jpg,0
img03935.jpg,0
img03936.jpg,0
img03937.jpg,0
img03938.jpg,1
img03939.jpg,0
img03940.jpg,0
img03941.jpg,0
img03942.jpg,0
img03950.jpg,0
img03951.jpg,0
img03952.jpg,0
img03953.jpg,0
img03954.jpg,0
img03955.jpg,0
img03958.jpg,0
img03959.jpg,0
img03960.jpg,0
img03961.jpg,0
img03963.jpg,1
img03964.jpg,0
img03967.jpg,0
img03980.jpg,0
img03981.jpg,0
img03984.jpg,0
img03991.jpg,0
img03992.jpg,0
img03993.jpg,0
img03994.jpg,0
img03995.jpg,0
img03996.jpg,0
img03997.jpg,0
img03998.jpg,0
img04001.jpg,0
img04002.jpg,0
img04005.jpg,0
img04006.jpg,0
img04007.jpg,0
img04008.jpg,0
img04009.jpg,0
img04010.jpg,0
img04014.jpg,0
img04015.jpg,0
img04016.jpg,0
img04018.jpg,0
img04019.jpg,0
img04022.jpg,0
img04023.jpg,0
img04026.jpg,0
img04031.jpg,0
img04032.jpg,0
img04035.jpg,0
img04036.jpg,0
img04037.jpg,0
img04038.jpg,0
img04039.jpg,0
img04040.jpg,0
img04041.jpg,0
img04042.jpg,0
img04045.jpg,0
img04046.jpg,0
img04047.jpg,0
img04048.jpg,0
img04055.jpg,0
img04056.jpg,0
img04057.jpg,0
img04058.jpg,0
img04059.jpg,0
img04062.jpg,0
img04063.jpg,0
img04064.jpg,0
img04065.jpg,0
img04066.jpg,0
img04067.jpg,0
img04068.jpg,0
img04069.jpg,0
img04070.jpg,0
img04071.jpg,0
img04074.jpg,0
img04075.jpg,0
img04076.jpg,0
img04077.jpg,0
img04080.jpg,0
img04081.jpg,0
img04086.jpg,0
img04087.jpg,0
img04088.jpg,0
img04089.jpg,0
img04094.jpg,0
img04095.jpg,0
img04100.jpg,0
img04101.jpg,0
img04388.jpg,0
img04389.jpg,1
img04390.jpg,0
img04393.jpg,0
img04394.jpg,0
img04397.jpg,0
img04398.jpg,0
img04406.jpg,0
img04407.jpg,0
img04408.jpg,1
img04409.jpg,0
img04412.jpg,0
img04413.jpg,0
img04418.jpg,0
img04419.jpg,0
img04420.jpg,0
img04427.jpg,0
img04428.jpg,0
img04433.jpg,0
img04434.jpg,0
img04439.jpg,0
img04440.jpg,0
img04441.jpg,0
img04442.jpg,0
img04443.jpg,0
img04444.jpg,0
img04451.jpg,0
img04452.jpg,0
img04453.jpg,0
img04454.jpg,0
img04455.jpg,0
img04464.jpg,0
img04465.jpg,0
img04466.jpg,0
img04467.jpg,0
img04480.jpg,0
img04481.jpg,0
img04484.jpg,0
img04485.jpg,0
img04486.jpg,0
img04487.jpg,0
img04498.jpg,0
img04499.jpg,0
img04508.jpg,0
img04509.jpg,0
img04510.jpg,0
img04511.jpg,0
img04522.jpg,0
img04523.jpg,0
img04532.jpg,0
img04533.jpg,0
img04538.jpg,0
img04539.jpg,0
img04544.jpg,0
img04545.jpg,0
img04550.jpg,0
img04551.jpg,0
img04553.jpg,0
img04556.jpg,0
img04557.jpg,0
img04574.jpg,0
img04575.jpg,0
img04578.jpg,0
img04579.jpg,0
img04584.jpg,0
img04585.jpg,0
img04592.jpg,0
img04593.jpg,0
img04601.jpg,0
img04602.jpg,0
img04603.jpg,0
img04604.jpg,0
img04607.jpg,0
img04608.jpg,0
img04611.jpg,0
img04612.jpg,0
img04613.jpg,0
img04614.jpg,0
img04617.jpg,0
img04618.jpg,0
img04619.jpg,0
img04620.jpg,0
img04623.jpg,0
img04624.jpg,0
img04627.jpg,0
img04628.jpg,0
img04629.jpg,0
img04630.jpg,0
img04633.jpg,0
img04634.jpg,0
img04641.jpg,0
img04642.jpg,0
img04643.jpg,0
img04644.jpg,0
img04647.jpg,0
img04648.jpg,0
img04663.jpg,0
img04664.jpg,0
img04665.jpg,0
img04666.jpg,0
img04667.jpg,0
img04668.jpg,0
img04671.jpg,0
img04672.jpg,0
img04673.jpg,0
img04674.jpg,0
img04675.jpg,0
img04676.jpg,0
img04679.jpg,0
img04680.jpg,0
img04681.jpg,0
img04682.jpg,0
img04689.jpg,0
img04690.jpg,0
img04691.jpg,0
img04692.jpg,0
img04693.jpg,0
img04694.jpg,0
img04699.jpg,0
img04700.jpg,0
img04703.jpg,0
img04704.jpg,0
img04711.jpg,0
img04712.jpg,0
img04713.jpg,0
img04714.jpg,0
img04715.jpg,0
img04716.jpg,0
img04721.jpg,0
img04722.jpg,0
img04723.jpg,0
img04724.jpg,0
img04725.jpg,0
img04726.jpg,0
img04731.jpg,0
img04732.jpg,0
img04733.jpg,0
img04734.jpg,0
img04735.jpg,0
img04736.jpg,0
img04737.jpg,0
img04738.jpg,0
img04741.jpg,0
img04742.jpg,0
img04753.jpg,0
img04754.jpg,0
img04755.jpg,0
img04756.jpg,0
img04759.jpg,0
img04760.jpg,0
img04765.jpg,0
img04766.jpg,0
img04767.jpg,0
img04768.jpg,0
img04771.jpg,0
img04772.jpg,0
img04777.jpg,0
img04778.jpg,0
img04779.jpg,0
img04780.jpg,0
img04781.jpg,0
img04782.jpg,0
img04795.jpg,0
img04796.jpg,0
img04799.jpg,0
img04800.jpg,0
img04801.jpg,0
img04802.jpg,0
img04803.jpg,0
img04804.jpg,0
img04805.jpg,0
img04806.jpg,0
img04817.jpg,0
img04818.jpg,0
img04819.jpg,0
img04820.jpg,0
img04821.jpg,0
img04822.jpg,0
img04823.jpg,0
img04824.jpg,0
img04827.jpg,0
img04828.jpg,0
img04833.jpg,0
img04834.jpg,0
img04839.jpg,0
img04840.jpg,0
img04843.jpg,0
img04844.jpg,0
img04847.jpg,0
img04848.jpg,0
img04853.jpg,0
img04854.jpg,0
img04855.jpg,0
img04856.jpg,0
img04858.jpg,0
img04859.jpg,0
img04862.jpg,0
img04863.jpg,0
img04870.jpg,0
img04871.jpg,0
img04872.jpg,0
img04873.jpg,0
img04882.jpg,0
img04883.jpg,0
img04890.jpg,0
img04891.jpg,0
img04894.jpg,0
img04895.jpg,0
img04898.jpg,0
img04905.jpg,0
img04906.jpg,0
img04913.jpg,1
img04914.jpg,0
img05131.jpg,0
img05779.jpg,0
img05780.jpg,0
img05782.jpg,0
img05783.jpg,0
img05784.jpg,0
img05785.jpg,0
img05786.jpg,0
img05787.jpg,0
img05790.jpg,0
img05791.jpg,0
img05794.jpg,0
img05795.jpg,0
img05796.jpg,0
img05797.jpg,0
img05798.jpg,0
img05799.jpg,0
img05802.jpg,0
img05803.jpg,0
img05814.jpg,0
img05815.jpg,0
img05818.jpg,0
img05819.jpg,0
img05828.jpg,0
img05829.jpg,0
img05832.jpg,0
img05833.jpg,0
img05838.jpg,0
img05839.jpg,0
img05844.jpg,0
img05845.jpg,0
img05846.jpg,0
img05847.jpg,0
img05851.jpg,0
img05852.jpg,0
img05855.jpg,0
img05856.jpg,0
img05861.jpg,0
img05862.jpg,0
img05865.jpg,0
img05866.jpg,0
img05871.jpg,0
img05872.jpg,0
img05873.jpg,0
img05874.jpg,0
img05877.jpg,0
img05878.jpg,0
img05879.jpg,0
img05880.jpg,0
img05886.jpg,0
img05887.jpg,0
img05888.jpg,0
img05889.jpg,0
img05890.jpg,0
img05891.jpg,0
img05892.jpg,0
img05893.jpg,0
img05894.jpg,0
img05895.jpg,0
img05896.jpg,0
img05897.jpg,0
img05898.jpg,0
img05899.jpg,0
img05900.jpg,0
img05905.jpg,0
img05906.jpg,0
img05907.jpg,0
img05908.jpg,0
img05920.jpg,0
img05921.jpg,0
img05927.jpg,0
img05928.jpg,0
img05929.jpg,0
img05930.jpg,0
img05931.jpg,0
img05932.jpg,0
img05933.jpg,0
img05934.jpg,0
img05935.jpg,0
img05936.jpg,0
img05937.jpg,0
img05940.jpg,0
img05941.jpg,0
img05945.jpg,0
img05946.jpg,0
img05947.jpg,0
img05948.jpg,0
img05949.jpg,0
img05950.jpg,0
img05953.jpg,0
img05954.jpg,0
img05959.jpg,0
img05960.jpg,0
img05963.jpg,0
img05964.jpg,0
img05967.jpg,0
img05968.jpg,0
img05969.jpg,0
img05970.jpg,0
img05971.jpg,0
img05972.jpg,0
img05977.jpg,0
img05978.jpg,0
img05981.jpg,0
img05982.jpg,0
img05984.jpg,0
img05985.jpg,0
img05986.jpg,0
img05987.jpg,0
img05988.jpg,0
img05991.jpg,0
img05992.jpg,0
img05993.jpg,1
img05994.jpg,1
img06005.jpg,0
img06006.jpg,0
img06014.jpg,0
img06017.jpg,0
img06024.jpg,0
img06025.jpg,0
img06026.jpg,0
img06027.jpg,0
img06028.jpg,0
img06029.jpg,0
img06030.jpg,0
img06031.jpg,0
img06036.jpg,0
img06037.jpg,0
img06055.jpg,0
img06056.jpg,0
img06063.jpg,0
img06064.jpg,0
img06067.jpg,0
img06068.jpg,0
img06069.jpg,0
img06070.jpg,0
img06075.jpg,0
img06076.jpg,0
img06077.jpg,0
img06078.jpg,0
img06081.jpg,0
img06086.jpg,0
img06087.jpg,0
img06092.jpg,0
img06093.jpg,0
img06098.jpg,0
img06099.jpg,0
img06100.jpg,0
img06101.jpg,0
img06102.jpg,0
img06103.jpg,0
img06104.jpg,0
img06107.jpg,0
img06108.jpg,0
img06109.jpg,0
img06110.jpg,0
img06111.jpg,0
img06112.jpg,0
img06121.jpg,0
img06122.jpg,0
img06123.jpg,0
img06124.jpg,0
img06133.jpg,0
img06134.jpg,0
img06137.jpg,0
img06138.jpg,0
img06139.jpg,0
img06148.jpg,0
img06149.jpg,0
img06150.jpg,0
img06151.jpg,0
img06152.jpg,0
img06157.jpg,0
img06158.jpg,0
img06161.jpg,0
img06162.jpg,0
img06167.jpg,0
img06168.jpg,0
img06177.jpg,0
img06178.jpg,0
img06179.jpg,0
img06194.jpg,0
img06195.jpg,0
img06196.jpg,0
img06207.jpg,0
img06209.jpg,0
img06212.jpg,0
img06213.jpg,1
img06630.jpg,0
img06637.jpg,0
img06638.jpg,0
img06644.jpg,0
img06645.jpg,0
img06646.jpg,0
img06647.jpg,0
img06648.jpg,0
img06649.jpg,0
img06654.jpg,0
img06655.jpg,0
img06660.jpg,0
img06661.jpg,0
img06664.jpg,0
img06665.jpg,0
img06668.jpg,0
img06677.jpg,0
img06678.jpg,0
img06679.jpg,0
img06680.jpg,0
img06683.jpg,0
img06686.jpg,0
img06704.jpg,0
img06705.jpg,0
img06708.jpg,0
img06709.jpg,0
img06712.jpg,0
img06713.jpg,0
img06714.jpg,0
img06715.jpg,0
img06726.jpg,0
img06727.jpg,0
img06728.jpg,0
img06729.jpg,0
img06730.jpg,0
img06731.jpg,0
img06732.jpg,0
img06738.jpg,0
img06739.jpg,0
img06743.jpg,0
img06744.jpg,0
img06745.jpg,0
img06746.jpg,0
img06749.jpg,0
img06750.jpg,0
img06753.jpg,0
img06754.jpg,0
img06757.jpg,0
img06758.jpg,0
img06763.jpg,0
img06764.jpg,0
img06765.jpg,0
img06766.jpg,0
img06767.jpg,0
img06768.jpg,0
img06769.jpg,0
img06776.jpg,0
img06777.jpg,0
img06778.jpg,0
img06779.jpg,0
img06780.jpg,0
img06781.jpg,0
img06794.jpg,0
img06795.jpg,0
img06798.jpg,0
img06799.jpg,0
img06800.jpg,0
img06801.jpg,0
img06804.jpg,0
img06805.jpg,0
img06806.jpg,0
img06807.jpg,0
img06808.jpg,0
img06809.jpg,0
img06810.jpg,0
img06811.jpg,0
img06812.jpg,0
img06813.jpg,0
img06816.jpg,0
img06817.jpg,0
img06818.jpg,0
img06819.jpg,0
img06820.jpg,0
img06821.jpg,0
img06824.jpg,0
img06825.jpg,0
img06826.jpg,0
img06881.jpg,0
img06886.jpg,0
img06887.jpg,0
img06888.jpg,0
img06889.jpg,0
img06890.jpg,0
img06891.jpg,0
img06892.jpg,0
img06893.jpg,0
img06894.jpg,0
img06895.jpg,0
img06900.jpg,0
img06901.jpg,0
img06902.jpg,0
img06903.jpg,0
img06914.jpg,0
img06915.jpg,0
img06918.jpg,0
img06919.jpg,0
img06922.jpg,0
img06923.jpg,0
img06928.jpg,0
img06929.jpg,0
img06930.jpg,0
img06940.jpg,0
img06941.jpg,0
img06946.jpg,0
img06947.jpg,0
img06948.jpg,0
img06949.jpg,0
img06950.jpg,0
img06951.jpg,0
img06952.jpg,0
img06961.jpg,0
img06962.jpg,0
img06968.jpg,0
img06969.jpg,0
img06970.jpg,0
img06973.jpg,0
img06974.jpg,0
img06978.jpg,0
img06979.jpg,0
img06982.jpg,0
img06985.jpg,0
img06986.jpg,0
img06989.jpg,0
img06990.jpg,0
img06991.jpg,0
img06992.jpg,0
img06995.jpg,0
img06996.jpg,0
img07003.jpg,0
img07004.jpg,0
img07007.jpg,0
img07008.jpg,0
img07011.jpg,0
img07012.jpg,0
img07013.jpg,0
img07014.jpg,0
img07015.jpg,0
img07016.jpg,0
img07017.jpg,0
img07018.jpg,0
img07020.jpg,0
img07021.jpg,0
img07024.jpg,0
img07025.jpg,0
img07026.jpg,0
img07027.jpg,0
img07028.jpg,0
img07029.jpg,0
img07030.jpg,0
img07031.jpg,0
img07032.jpg,0
img07033.jpg,0
img07046.jpg,0
img07047.jpg,0
img07050.jpg,0
img07053.jpg,1
img07054.jpg,0
img07059.jpg,0
img07060.jpg,0
img07061.jpg,0
img07062.jpg,0
img07063.jpg,0
img07064.jpg,0
img07065.jpg,0
img07066.jpg,0
img07067.jpg,0
img07068.jpg,0
img07069.jpg,0
img07070.jpg,0
img07073.jpg,0
img07074.jpg,0
img07078.jpg,0
img07079.jpg,0
img07080.jpg,0
img07081.jpg,0
img07083.jpg,0
img07084.jpg,0
img07087.jpg,0
img07088.jpg,0
img07093.jpg,0
img07094.jpg,0
img07115.jpg,0
img07116.jpg,0
img07117.jpg,0
img07118.jpg,0
img07123.jpg,0
img07124.jpg,0
img07127.jpg,0
img07128.jpg,0
img07133.jpg,0
img07134.jpg,0
img07137.jpg,0
img07138.jpg,0
img07145.jpg,0
img07146.jpg,0
img07151.jpg,0
img07152.jpg,0
img07153.jpg,0
img07154.jpg,0
img07158.jpg,0
img07159.jpg,0
img07165.jpg,0
img07166.jpg,0
img07169.jpg,1
img07170.jpg,0
img07173.jpg,0
img07174.jpg,0
img07185.jpg,0
img07186.jpg,1
img07189.jpg,0
img07190.jpg,0
img07191.jpg,0
img07192.jpg,0
img07193.jpg,0
img07196.jpg,0
img07197.jpg,0
img07198.jpg,0
img07199.jpg,0
img07202.jpg,0
img07203.jpg,0
img07204.jpg,0
img07205.jpg,0
img07210.jpg,0
img07211.jpg,0
img07218.jpg,0
img07219.jpg,0
img07220.jpg,0
img07221.jpg,0
img07226.jpg,0
img07227.jpg,0
img07234.jpg,0
img07235.jpg,0
img07236.jpg,0
img07237.jpg,0
img07238.jpg,0
img07239.jpg,0
img07242.jpg,0
img07243.jpg,0
img07248.jpg,0
img07249.jpg,0
img07253.jpg,0
img07254.jpg,0
img07257.jpg,0
img07258.jpg,0
img07259.jpg,0
img07260.jpg,0
img07261.jpg,0
img07262.jpg,0
img07263.jpg,0
img07264.jpg,0
img07267.jpg,0
img07268.jpg,0
img07275.jpg,0
img07276.jpg,0
img07287.jpg,0
img07288.jpg,0
img07289.jpg,0
img07290.jpg,0
img07293.jpg,0
img07294.jpg,0
img07297.jpg,0
img07298.jpg,0
img07299.jpg,0
img07300.jpg,0
img07301.jpg,0
img07302.jpg,0
img07307.jpg,0
img07308.jpg,0
img07309.jpg,0
img07310.jpg,0
img07313.jpg,0
img07314.jpg,0
img07315.jpg,0
img07316.jpg,0
img07337.jpg,0
img07338.jpg,0
img07343.jpg,0
img07344.jpg,0
img07347.jpg,0
img07348.jpg,0
img07349.jpg,0
img07350.jpg,0
img07357.jpg,0
img07358.jpg,0
img07363.jpg,0
img07364.jpg,0
img07365.jpg,0
img07366.jpg,0
img07367.jpg,0
img07368.jpg,0
img07369.jpg,0
img07370.jpg,0
img07376.jpg,0
img07377.jpg,0
img07380.jpg,0
img07381.jpg,0
img07382.jpg,0
img07383.jpg,0
img07388.jpg,0
img07389.jpg,0
img07390.jpg,0
img07391.jpg,0
img07392.jpg,0
img07393.jpg,0
img07404.jpg,0
img07405.jpg,0
img07406.jpg,1
img07407.jpg,0
img07410.jpg,0
img07411.jpg,0
img07415.jpg,0
img07416.jpg,0
img07417.jpg,0
img07418.jpg,0
img07421.jpg,0
img07422.jpg,0
img07425.jpg,0
img07426.jpg,0
img07440.jpg,0
img07441.jpg,0
img07442.jpg,0
img07443.jpg,0
img07446.jpg,0
img07447.jpg,0
img07448.jpg,0
img07449.jpg,0
img07452.jpg,0
img07453.jpg,0
img07456.jpg,0
img07457.jpg,0
img07460.jpg,0
img07461.jpg,0
img07462.jpg,0
img07463.jpg,0
img07466.jpg,0
img07467.jpg,0
img07468.jpg,0
img07469.jpg,0
img07472.jpg,0
img07473.jpg,0
img07474.jpg,0
img07475.jpg,0
img07476.jpg,0
img07477.jpg,0
img07480.jpg,0
img07481.jpg,0
img07482.jpg,0
img07483.jpg,0
img07484.jpg,0
img07485.jpg,0
img07486.jpg,0
img07491.jpg,0
img07496.jpg,0
img07497.jpg,0
img07500.jpg,0
img07501.jpg,0
img07506.jpg,0
img07511.jpg,0
img07512.jpg,0
img07513.jpg,0
img07514.jpg,0
img07515.jpg,0
img07516.jpg,0
img07522.jpg,0
img07523.jpg,0
img07526.jpg,0
img07527.jpg,0
img07528.jpg,0
img07529.jpg,0
img07532.jpg,0
img07533.jpg,0
img07536.jpg,0
img07537.jpg,0
img07538.jpg,0
img07539.jpg,0
img07540.jpg,0
img07541.jpg,0
img07544.jpg,0
img07551.jpg,0
img07552.jpg,1
img07558.jpg,0
img07559.jpg,0
img07560.jpg,0
img07561.jpg,0
img07566.jpg,0
img07567.jpg,0
img07568.jpg,0
img07569.jpg,0
img07570.jpg,0
img07577.jpg,0
img07578.jpg,0
img07579.jpg,0
img07580.jpg,0
img07581.jpg,0
img07582.jpg,0
img07585.jpg,0
img07586.jpg,0
img07589.jpg,0
img07590.jpg,0
img07591.jpg,0
img07592.jpg,0
img07597.jpg,0
img07598.jpg,0
img07599.jpg,0
img07600.jpg,0
img07601.jpg,0
img07602.jpg,0
img07603.jpg,0
img07604.jpg,0
img07605.jpg,0
img07606.jpg,0
img07613.jpg,0
img07614.jpg,0
img07615.jpg,0
img07616.jpg,0
img07619.jpg,0
img07620.jpg,0
img07629.jpg,0
img07630.jpg,0
img07633.jpg,0
img07634.jpg,0
img07635.jpg,0
img07636.jpg,0
img07637.jpg,0
img07638.jpg,0
img07642.jpg,0
img07643.jpg,0
img07644.jpg,0
img07657.jpg,0
img07658.jpg,0
img07663.jpg,0
img07664.jpg,0
img07667.jpg,0
img07668.jpg,0
img07677.jpg,0
img07678.jpg,0
img07679.jpg,0
img07680.jpg,0
img07681.jpg,0
img07682.jpg,0
img07684.jpg,0
img07685.jpg,0
img07686.jpg,0
img07687.jpg,0
img07688.jpg,0
img07689.jpg,0
img07690.jpg,0
img07699.jpg,0
img07700.jpg,0
img07701.jpg,0
img07702.jpg,0
img07707.jpg,0
img07708.jpg,0
img07709.jpg,0
img07710.jpg,0
img07713.jpg,0
img07714.jpg,0
img07728.jpg,0
img07729.jpg,0
img07736.jpg,0
img07737.jpg,0
img07738.jpg,0
img07739.jpg,0
img07740.jpg,0
img07741.jpg,0
img07742.jpg,0
img07743.jpg,0
img07744.jpg,0
img07745.jpg,0
img07748.jpg,0
img07749.jpg,0
img07750.jpg,0
img07757.jpg,0
img07758.jpg,0
img07759.jpg,0
img07760.jpg,0
img07761.jpg,0
img07764.jpg,0
img07765.jpg,0
img07768.jpg,0
img07769.jpg,0
img07770.jpg,0
img07771.jpg,0
img07772.jpg,0
img07776.jpg,0
img07777.jpg,0
img07780.jpg,0
img07781.jpg,0
img07782.jpg,0
img07783.jpg,0
img07796.jpg,0
img07797.jpg,0
img07799.jpg,0
img07800.jpg,0
img07801.jpg,0
img07802.jpg,0
img07803.jpg,0
img07804.jpg,0
img07805.jpg,0
img07806.jpg,0
img07813.jpg,0
img07814.jpg,0
img07815.jpg,0
img07816.jpg,0
img07819.jpg,0
img07820.jpg,0
img07826.jpg,0
img07827.jpg,0
img07834.jpg,0
img07835.jpg,0
img07838.jpg,0
img07839.jpg,0
img07840.jpg,0
img07841.jpg,0
img07842.jpg,0
img07843.jpg,0
img07844.jpg,0
img07845.jpg,0
img07857.jpg,0
img07858.jpg,0
img07873.jpg,0
img07874.jpg,0
img07879.jpg,0
img07880.jpg,0
img07881.jpg,0
img07882.jpg,0
img07883.jpg,0
img07884.jpg,0
img07902.jpg,0
img07903.jpg,0
img07908.jpg,0
img07909.jpg,0
img07913.jpg,0
img07914.jpg,0
img07925.jpg,0
img07926.jpg,0
img07927.jpg,0
img07928.jpg,0
img07929.jpg,0
img07930.jpg,0
img07933.jpg,0
img07934.jpg,0
img07939.jpg,0
img07940.jpg,0
img07941.jpg,0
img07942.jpg,0
img07947.jpg,0
img07948.jpg,0
img07949.jpg,0
img07950.jpg,0
img07951.jpg,0
img07952.jpg,0
img07955.jpg,0
img07956.jpg,0
img07959.jpg,0
img07960.jpg,0
img07961.jpg,0
img08521.jpg,0
img08530.jpg,0
img08531.jpg,0
img08534.jpg,0
img08535.jpg,0
img08543.jpg,0
img08544.jpg,0
img08545.jpg,0
img08546.jpg,0
img08573.jpg,0
img08574.jpg,0
img08575.jpg,0
img08576.jpg,0
img08583.jpg,0
img08584.jpg,0
img08586.jpg,0
img08587.jpg,0
img08590.jpg,1
img08591.jpg,0
img08594.jpg,0
img08595.jpg,0
img08596.jpg,0
img08597.jpg,0
img08598.jpg,0
img08599.jpg,0
img08600.jpg,0
img08601.jpg,0
img08604.jpg,0
img08605.jpg,0
img08606.jpg,0
img08607.jpg,0
img08608.jpg,0
img08610.jpg,0
img08611.jpg,0
img08612.jpg,0
img08613.jpg,0
img08617.jpg,0
img08618.jpg,0
img08619.jpg,0
img08620.jpg,0
img08621.jpg,0
img08622.jpg,0
img08623.jpg,0
img08628.jpg,0
img08629.jpg,0
img08735.jpg,0
img08736.jpg,0
img08743.jpg,0
img08744.jpg,0
img08751.jpg,0
img08752.jpg,0
img08764.jpg,0
img08765.jpg,0
img08769.jpg,0
img08770.jpg,0
img08771.jpg,0
img08772.jpg,0
img08773.jpg,0
img08780.jpg,0
img08781.jpg,0
img08791.jpg,0
img08792.jpg,0
img08793.jpg,0
img08794.jpg,0
img08801.jpg,0
img08802.jpg,0
img08803.jpg,0
img08804.jpg,0
img08807.jpg,0
img08808.jpg,0
img08809.jpg,0
img08810.jpg,0
img08821.jpg,0
img08822.jpg,0
img08823.jpg,0
img08830.jpg,0
img08831.jpg,0
img08836.jpg,0
img08837.jpg,0
img08838.jpg,0
img08839.jpg,0
img08840.jpg,0
img08841.jpg,0
img08842.jpg,0
img08851.jpg,0
img08852.jpg,0
img08855.jpg,0
img08856.jpg,0
img08868.jpg,0
img08869.jpg,0
img08876.jpg,0
img08877.jpg,0
img08878.jpg,0
img08879.jpg,0
img08882.jpg,0
img08883.jpg,0
img08892.jpg,0
img08893.jpg,0
img08898.jpg,0
img08899.jpg,0
img08904.jpg,0
img08905.jpg,0
img08906.jpg,0
img08907.jpg,0
img08908.jpg,0
img08909.jpg,0
img08910.jpg,0
img08913.jpg,0
img08914.jpg,0
img08917.jpg,0
img08918.jpg,0
img08921.jpg,0
img08922.jpg,0
img08930.jpg,0
img08931.jpg,0
img08932.jpg,0
img08933.jpg,0
img08938.jpg,0
img08939.jpg,0
img08944.jpg,0
img08948.jpg,0
img08949.jpg,0
img08950.jpg,0
img08951.jpg,0
img08956.jpg,0
img08957.jpg,0
img08958.jpg,0
img08967.jpg,0
img08968.jpg,0
img08969.jpg,0
img08970.jpg,0
img08973.jpg,0
img08974.jpg,0
img08975.jpg,0
img08976.jpg,0
img08977.jpg,0
img08978.jpg,0
img08985.jpg,0
img08986.jpg,0
img08991.jpg,1
img08992.jpg,1
img08995.jpg,0
img08996.jpg,0
img09005.jpg,0
img09006.jpg,0
img09007.jpg,0
img09012.jpg,0
img09013.jpg,0
img09014.jpg,0
img09015.jpg,0
img09016.jpg,0
img09023.jpg,0
img09024.jpg,0
img09025.jpg,0
img09026.jpg,0
img09031.jpg,0
img09032.jpg,0
img09035.jpg,0
img09036.jpg,0
img09039.jpg,0
img09040.jpg,0
img09042.jpg,0
img09043.jpg,0
img09044.jpg,0
img09045.jpg,0
img09046.jpg,0
img09047.jpg,0
img09052.jpg,0
img09053.jpg,0
img09054.jpg,0
img09055.jpg,0
img09056.jpg,0
img09057.jpg,0
img09058.jpg,0
img09059.jpg,0
img09068.jpg,0
img09073.jpg,0
img09074.jpg,0
img09075.jpg,0
img09076.jpg,0
img09077.jpg,1
img09078.jpg,1
img09079.jpg,0
img09080.jpg,0
img09081.jpg,0
img09082.jpg,0
img09086.jpg,0
img09087.jpg,0
img09088.jpg,0
img09089.jpg,1
img09090.jpg,0
img09091.jpg,0
img09092.jpg,0
img09095.jpg,0
img09096.jpg,0
img09097.jpg,0
img09106.jpg,0
img09107.jpg,0
img09110.jpg,0
img09111.jpg,0
img09112.jpg,0
img09113.jpg,0
img09125.jpg,0
img09126.jpg,0
img09127.jpg,0
img09128.jpg,0
img09133.jpg,0
img09134.jpg,0
img09135.jpg,0
img09136.jpg,0
img09137.jpg,0
img09138.jpg,0
img09139.jpg,0
img09140.jpg,0
img09158.jpg,0
img09170.jpg,0
img09229.jpg,0
img09230.jpg,0
img09231.jpg,0
img09234.jpg,0
img09235.jpg,0
img09238.jpg,0
img09239.jpg,0
img09242.jpg,0
img09243.jpg,0
img09250.jpg,0
img09251.jpg,0
img09252.jpg,0
img09253.jpg,0
img09262.jpg,0
img09263.jpg,0
img09266.jpg,0
img09267.jpg,0
img09270.jpg,0
img09271.jpg,0
img09274.jpg,0
img09275.jpg,0
img09276.jpg,0
img09277.jpg,1
img09278.jpg,0
img09279.jpg,0
img09280.jpg,0
img09281.jpg,0
img09284.jpg,0
img09285.jpg,0
img09286.jpg,0
img09287.jpg,0
img09298.jpg,0
img09299.jpg,0
img09304.jpg,0
img09305.jpg,0
img09306.jpg,0
img09307.jpg,0
img09308.jpg,0
img09309.jpg,0
img09310.jpg,0
img09311.jpg,0
img09314.jpg,0
img09315.jpg,0
img09316.jpg,0
img09317.jpg,0
img09320.jpg,0
img09321.jpg,0
img09327.jpg,0
img09328.jpg,0
img09329.jpg,0
img09330.jpg,0
img09337.jpg,0
img09338.jpg,0
img09339.jpg,0
img09340.jpg,0
img09341.jpg,0
img09342.jpg,0
img09343.jpg,0
img09344.jpg,0
img09345.jpg,0
img09346.jpg,0
img09351.jpg,0
img09352.jpg,0
img09361.jpg,0
img09362.jpg,0
img09369.jpg,0
img09370.jpg,0
img09371.jpg,0
img09372.jpg,0
img09375.jpg,0
img09376.jpg,0
img09377.jpg,0
img09378.jpg,0
img09379.jpg,0
img09380.jpg,0
img09391.jpg,0
img09392.jpg,0
img09398.jpg,0
img09399.jpg,0
img09400.jpg,0
img09401.jpg,0
img09402.jpg,0
img09403.jpg,0
img09405.jpg,0
img09447.jpg,0
img09457.jpg,0
img09478.jpg,0
img10210.jpg,0
img10211.jpg,0
img10213.jpg,0
img10216.jpg,0
img10217.jpg,0
img10218.jpg,0
img10219.jpg,0
img10220.jpg,0
img10221.jpg,0
img10224.jpg,0
img10225.jpg,0
img10230.jpg,0
img10231.jpg,0
img10236.jpg,0
img10237.jpg,0
img10238.jpg,0
img10239.jpg,0
img10240.jpg,0
img10241.jpg,0
img10242.jpg,0
img10243.jpg,0
img10246.jpg,0
img10247.jpg,0
img10252.jpg,0
img10253.jpg,0
img10254.jpg,0
img10255.jpg,0
img10264.jpg,0
img10265.jpg,0
img10266.jpg,0
img10267.jpg,1
img10268.jpg,0
img10269.jpg,0
img10270.jpg,0
img10271.jpg,0
img10278.jpg,0
img10279.jpg,0
img10282.jpg,0
img10283.jpg,0
img10292.jpg,0
img10296.jpg,0
img10297.jpg,0
img10298.jpg,0
img10299.jpg,0
img10301.jpg,0
img10302.jpg,0
img10307.jpg,0
img10308.jpg,0
img10309.jpg,0
img10310.jpg,0
img10317.jpg,0
img10318.jpg,0
img10319.jpg,0
img10320.jpg,0
img10323.jpg,0
img10324.jpg,0
img10325.jpg,0
img10326.jpg,0
img10333.jpg,0
img10334.jpg,0
img10337.jpg,0
img10338.jpg,0
img10339.jpg,0
img10340.jpg,0
img10341.jpg,0
img10342.jpg,0
img10349.jpg,0
img10350.jpg,0
img10351.jpg,0
img10352.jpg,0
img10366.jpg,0
img10367.jpg,0
img10368.jpg,0
img10369.jpg,0
img10370.jpg,0
img10373.jpg,0
img10453.jpg,0
img10454.jpg,0
img10455.jpg,0
img10456.jpg,0
img10459.jpg,0
img10460.jpg,0
img10461.jpg,0
img10462.jpg,0
img10469.jpg,0
img10474.jpg,0
img10475.jpg,0
img10477.jpg,0
img10478.jpg,0
img10485.jpg,0
img10486.jpg,0
img10487.jpg,0
img10492.jpg,0
img10493.jpg,0
img10494.jpg,0
img10495.jpg,0
img10498.jpg,0
img10499.jpg,0
img10500.jpg,0
img10501.jpg,0
img10502.jpg,0
img10503.jpg,0
img10504.jpg,0
img10505.jpg,0
img10510.jpg,0
img10511.jpg,0
img10516.jpg,0
img10517.jpg,0
img10518.jpg,0
img10519.jpg,0
img10524.jpg,0
img10525.jpg,0
img10527.jpg,0
img10528.jpg,0
img10529.jpg,0
img10530.jpg,0
img10531.jpg,0
img10532.jpg,0
img10533.jpg,0
img10534.jpg,0
img10535.jpg,0
img10536.jpg,0
img10537.jpg,0
img10538.jpg,0
img10545.jpg,0
img10546.jpg,0
img10547.jpg,0
img10548.jpg,0
img10549.jpg,0
img10550.jpg,0
img10551.jpg,0
img10552.jpg,0
img10557.jpg,0
img10558.jpg,0
img10559.jpg,0
img10560.jpg,0
img10567.jpg,0
img10568.jpg,0
img10577.jpg,0
img10578.jpg,0
img10585.jpg,0
img10586.jpg,0
img10591.jpg,0
img10592.jpg,0
img10593.jpg,0
img10594.jpg,0
img10602.jpg,0
img10603.jpg,0
img10606.jpg,0
img10607.jpg,0
img10610.jpg,0
img10611.jpg,0
img10612.jpg,0
img10613.jpg,0
img10614.jpg,0
img10621.jpg,0
img10622.jpg,0
img10630.jpg,0
img10631.jpg,0
img10634.jpg,0
img10635.jpg,0
img10636.jpg,0
img10637.jpg,0
img10649.jpg,0
img10650.jpg,0
img10653.jpg,0
img10654.jpg,0
img10657.jpg,0
img10658.jpg,0
img10663.jpg,1
img10664.jpg,0
img10667.jpg,0
img10668.jpg,0
img10669.jpg,0
img10670.jpg,0
img10671.jpg,0
img10674.jpg,0
img10675.jpg,0
img10676.jpg,0
img10679.jpg,1
img10684.jpg,0
img10685.jpg,0
img10696.jpg,0
img10697.jpg,1
img10699.jpg,0
img10700.jpg,0
img10701.jpg,0
img10702.jpg,0
img10707.jpg,0
img10708.jpg,0
img10715.jpg,0
img10716.jpg,0
img10717.jpg,0
img10718.jpg,0
img10719.jpg,0
img10720.jpg,0
img10721.jpg,0
img10722.jpg,0
img10723.jpg,0
img10728.jpg,0
img10729.jpg,0
img10730.jpg,0
img10737.jpg,0
img10738.jpg,0
img10739.jpg,0
img10740.jpg,0
img10743.jpg,0
img10744.jpg,0
img10745.jpg,0
img10746.jpg,0
img10747.jpg,0
img10748.jpg,1
img10751.jpg,0
img10752.jpg,0
img10759.jpg,0
img10760.jpg,0
img10761.jpg,0
img10762.jpg,0
img10765.jpg,0
img10766.jpg,0
img10767.jpg,0
img10775.jpg,0
img10777.jpg,0
img10785.jpg,0
img10786.jpg,0
img10787.jpg,0
img10788.jpg,0
img10789.jpg,0
img10790.jpg,0
img10791.jpg,0
img10792.jpg,0
img10793.jpg,0
img10794.jpg,0
img10795.jpg,0
img10805.jpg,0
img10806.jpg,1
img10807.jpg,0
img10812.jpg,0
img10813.jpg,0
img10816.jpg,0
img10817.jpg,0
img10818.jpg,0
img10819.jpg,0
img10820.jpg,0
img10821.jpg,0
img10828.jpg,0
img10833.jpg,0
img10837.jpg,0
img10939.jpg,1
img10940.jpg,0
img10941.jpg,0
img10942.jpg,0
img10943.jpg,0
img10944.jpg,0
img10949.jpg,0
img10950.jpg,0
img10951.jpg,0
img10952.jpg,0
img10963.jpg,0
img10964.jpg,0
img10965.jpg,0
img10966.jpg,0
img10967.jpg,0
img10968.jpg,0
img10969.jpg,0
img10970.jpg,0
img10971.jpg,0
img10974.jpg,0
img10975.jpg,0
img10978.jpg,0
img10979.jpg,0
img10980.jpg,0
img10981.jpg,0
img10982.jpg,0
img10989.jpg,0
img10990.jpg,0
img10993.jpg,0
img10994.jpg,0
img11002.jpg,0
img11008.jpg,0
img11009.jpg,0
img11010.jpg,0
img11011.jpg,0
img11012.jpg,0
img11013.jpg,0
img11014.jpg,0
img11018.jpg,0
img11019.jpg,0
img11026.jpg,0
img11027.jpg,0
img11028.jpg,0
img11034.jpg,0
img11035.jpg,0
img11036.jpg,0
img11037.jpg,0
img11038.jpg,0
img11039.jpg,0
img11044.jpg,0
img11045.jpg,0
img11046.jpg,0
img11047.jpg,0
img11048.jpg,0
img11052.jpg,0
img11053.jpg,0
img11064.jpg,0
img11065.jpg,0
img11066.jpg,0
img11067.jpg,0
img11068.jpg,0
img11069.jpg,0
img11070.jpg,0
img11071.jpg,0
img11072.jpg,0
img11073.jpg,0
img11074.jpg,0
img11075.jpg,0
img11076.jpg,0
img11077.jpg,0
img11078.jpg,0
img11079.jpg,0
img11080.jpg,1
img11081.jpg,0
img11083.jpg,0
img11084.jpg,0
img11087.jpg,0
img11088.jpg,0
img11095.jpg,0
img11096.jpg,0
img11097.jpg,0
img11098.jpg,0
img11101.jpg,0
img11102.jpg,1
img11104.jpg,0
img11107.jpg,0
img11108.jpg,0
img11109.jpg,0
img11110.jpg,0
img11113.jpg,0
img11114.jpg,0
img11115.jpg,0
img11116.jpg,0
img11117.jpg,0
img11118.jpg,0
img11121.jpg,0
img11122.jpg,0
img11123.jpg,0
img11124.jpg,0
img11128.jpg,0
img11129.jpg,0
img11139.jpg,0
img11140.jpg,0
img11145.jpg,0
img11152.jpg,0
img11160.jpg,0
img11172.jpg,0
img11175.jpg,0
img11204.jpg,0
img11240.jpg,0
81.jpg,1
82.jpg,1
83.jpg,1
84.jpg,1
85.jpg,1
86.jpg,1
87.jpg,1
88.jpg,1
89.jpg,1
91.jpg,1
92.jpg,1
93.jpg,1
94.jpg,1
95.jpg,1
96.jpg,1
97.jpg,1
98.jpg,1
99.jpg,1
100.jpg,1
101.jpg,1
102.jpg,1
103.jpg,1
104.jpg,1
105.jpg,1
106.jpg,1
107.jpg,1
108.jpg,1
109.jpg,1
110.jpg,1
111.jpg,1
112.jpg,1
113.jpg,1
114.jpg,1
115.jpg,1
116.jpg,1
117.jpg,1
118.jpg,1
119.jpg,1
120.jpg,1
121.jpg,1
122.jpg,1
123.jpg,1
124.jpg,1
125.jpg,1
126.jpg,1
127.jpg,1
128.jpg,1
129.jpg,1
130.jpg,1
131.jpg,1
132.jpg,1
133.jpg,1
134.jpg,1
135.jpg,1
136.jpg,1
137.jpg,1
138.jpg,1
139.jpg,1
140.jpg,1
141.jpg,1
142.jpg,1
143.jpg,1
144.jpg,1
145.jpg,1
146.jpg,1
147.jpg,1
148.jpg,1
149.jpg,1
150.jpg,1
151.jpg,1
152.jpg,1
153.jpg,1
154.jpg,1
155.jpg,1
156.jpg,1
157.jpg,1
158.jpg,1
159.jpg,1
160.jpg,1
IM0146RE.JPG,1
IM0151RE.JPG,1
IM0155RE.JPG,1
IM0157RE.JPG,1
IM0159RE.JPG,1
IM0162RE.JPG,1
IM0163RE.JPG,1
IM0203RE 2.jpg,1
IM0208RE 2.jpg,1
(742).jpg,1
(747).jpg,1
(749).jpg,1
248.jpg,1
291.jpg,1
299.jpg,1
425.jpg,1
474.jpg,1
476.jpg,1
477.jpg,1
479.jpg,1
535.jpg,1
540.jpg,1
557.jpg,1
559.jpg,1
562.jpg,1
565.jpg,1
622.jpg,1
625.jpg,1
693.jpg,1
696.jpg,1
724.jpg,1
738.jpg,1
742.jpg,1
747.jpg,1
749.jpg,1
784.jpg,1
857.jpg,1
868.jpg,1
879.jpg,1
943.jpg,1
947.jpg,1
1179.jpg,1
1221.jpg,1
1253.jpg,1
1255.jpg,1
1303.jpg,1
1315.jpg,1
1599.jpg,1
1751.jpg,1
1833.jpg,1
1835.jpg,1
2076.jpg,1
2078.jpg,1
2092.jpg,1
2095.jpg,1
2261.jpg,1
2275.jpg,1
2312.jpg,1
2336.jpg,1
2475.jpg,1
2478.jpg,1
2556.jpg,1
2559.jpg,1
2698.jpg,1
2745.jpg,1
2809.jpg,1
2957.jpg,1
3166.jpg,1
3174.jpg,1
3364.jpg,1
3429.jpg,1
3430.jpg,1
3544.jpg,1
3547.jpg,1
3680.jpg,1
3698.jpg,1
14735.jpg,1
14741.jpg,1
14743.jpg,1
14771.jpg,1
14777.jpg,1
14796.jpg,1
14804.jpg,1
14811.jpg,1
14815.jpg,1
15074.jpg,1
14937.jpg,1
15090.jpg,1
15094.jpg,1
15097.jpg,1
15134.jpg,1
15136.jpg,1
15149.jpg,1
15168.jpg,1
15170.jpg,1
15173.jpg,1
15294.jpg,1
15410.jpg,1
15610.jpg,1
15817.jpg,1
15996.jpg,1
16096.jpg,1
16127.jpg,1
16132.jpg,1
16149.jpg,1
16214.jpg,1
16319.jpg,1
16380.jpg,1
16382.jpg,1
16385.jpg,1
16614.jpg,1
16627.jpg,1
16641.jpg,1
17117.jpg,1
OD0284RE.JPG,1
OS0285RE.JPG,1
17123.jpg,1
17430.jpg,1
17487.jpg,1
17598.jpg,1
17600.jpg,1
17607.jpg,1
17608.jpg,1
17613.jpg,1
17619.jpg,1
17633.jpg,1
17795.jpg,1
17796.jpg,1
17955.jpg,1
17989.jpg,1
17992.jpg,1
OS0293RE.JPG,1
OD0291RE.JPG,1
OD0294RE.JPG,1
OD0295RE.JPG,1
17996.jpg,1
18005.jpg,1
18007.jpg,1
18103.jpg,1
18107.jpg,1
18236.jpg,1
18238.jpg,1
18246.jpg,1
18248.jpg,1
18250.jpg,1
18260.jpg,1
18264.jpg,1
OD0382RE.JPG,1
OD0383RE.JPG,1
OS0385RE.JPG,1
OS0388RE.JPG,1
OS0389RE.JPG,1
OS0390RE.JPG,1
OD0334RE.JPG,1
OD0335RE.JPG,1
OS0340RE.JPG,1
OS0353RE.JPG,1
OD0396RE.JPG,1
OS0395RE.JPG,1
OS0415RE.JPG,1
OD0413RE.JPG,1
OD0398RE.JPG,1
OD0497RE.JPG,1
OD0499RE.JPG,1
OS0493RE.JPG,1
OS0494RE.JPG,1
OD0519RE.JPG,1
OD0520RE.JPG,1
OD0522RE.JPG,1
OD0528RE.JPG,1
OS0523RE.JPG,1
OS0524RE.JPG,1
OS0525RE.JPG,1
OS0526RE.JPG,1
OS0527RE.JPG,1
OS0529RE.JPG,1
OS0531RE.JPG,1
OD0546RE.JPG,1
OD0547RE.JPG,1
OS0550RE.JPG,1
OS0553RE.JPG,1
OD0558RE.JPG,1
OS0564RE.JPG,1
OS0574RE.JPG,1
OS0573RE.JPG,1
OD0567RE.JPG,1
OS0568RE.JPG,1
OD0590RE.JPG,1
OD0591RE.JPG,1
OD0601RE.JPG,1
OD0603RE.JPG,1
OS0592RE.JPG,1
OS0605RE.JPG,1
OS0606RE.JPG,1
OS0631RE.JPG,1
OS0635RE.JPG,1
OS0659RE.JPG,1
OS0660RE.JPG,1
OS0661RE.JPG,1
OS0662RE.JPG,1
OD0658RE.JPG,1
45LMS-L.JPG,1
58FAS-R.JPG,1
17TPS-L.JPG,1
1SG-R.JPG,1
66LSF-R.JPG,1
52SFN-L.JPG,1
32CAR-R.JPG,1
27SJN-L.JPG,1
17TPS-R.JPG,1
15JAJ-L.JPG,1
18CSS-R.JPG,1
62YQC-R.JPG,1
59WCS-L.JPG,1
14ESN-L.JPG,1
26CVS-R.JPG,1
27DAS-R.JPG,1
64JOA-L.png,1
55RMF-R.JPG,1
8LPX-L.JPG,1
9MM-R.JPG,1
26CVS-L.jpg,1
46CRA-L.JPG,1
36WCS-L.JPG,1
31BJS-L.JPG,1
27SJN-R.JPG,1
6LRA-R.JPG,1
39ETA-R.JPG,1
21BAR-L.JPG,1
36ACS-L.JPG,1
31BJS-R.JPG,1
65INJ-L.JPG,1
40MCT-R.JPG,1
56DAS-L.JPG,1
60NB-R.JPG,1
50MMO-L.JPG,1
65INJ-R.JPG,1
42ACO-L.JPG,1
39ASB-R.JPG,1
9AAS-R.JPG,1
2CSP-R.JPG,1
19CRR-R.JPG,1
56DAS-R.JPG,1
47MPJ-R.JPG,1
8LPX-R.JPG,1
56CAA-R.JPG,1
53CRS-L.JPG,1
37FSR-R.JPG,1
27DAS-L.JPG,1
9AAS-L.JPG,1
3RS-R.JPG,1
.DS_Store,1
13JSS-L.JPG,1
16LPB-L.JPG,1
35SCC-R.JPG,1
30NAA-L.JPG,1
11LCR-R.JPG,1
2CSP-L.JPG,1
43SJN-L.JPG,1
44ACS-L.JPG,1
7MCS-R.JPG,1
1SG-L.JPG,1
54PAS-R.JPG,1
5DFL-R.JPG,1
4VCC-L.JPG,1
49CRA-L.JPG,1
56CAA-L.JPG,1
47CSP-L.JPG,1
29JPM-L.JPG,1
44SSC-L.JPG,1
35CCS-L.JPG,1
12MAF-R.JPG,1
55IPO-R.JPG,1
